{"cameraMode":{"drawMode":0,"name":"Shaded","section":"Shading Mode"},"sceneLighting":true,"audioPlay":false,"sceneViewState":{"m_AlwaysRefresh":false,"showFog":true,"showSkybox":true,"showFlares":true,"showImageEffects":true,"showParticleSystems":true,"showVisualEffectGraphs":true,"m_FxEnabled":true},"in2DMode":false,"pivot":{"x":12.653950691223145,"y":1.2997117042541505,"z":-4.428385257720947},"rotation":{"x":-0.10810237377882004,"y":-0.43129026889801028,"z":0.05214104801416397,"w":-0.8942016959190369},"size":8.850438117980957,"orthographic":false}